<?xml version="1.0" encoding="UTF-8"?>
<project-private xmlns="http://www.netbeans.org/ns/project-private/1">
    <editor-bookmarks xmlns="http://www.netbeans.org/ns/editor-bookmarks/2" lastBookmarkId="0"/>
    <open-files xmlns="http://www.netbeans.org/ns/projectui-open-files/2">
        <group>
            <file>file:/C:/Users/repli/OneDrive/Documentos/Prova/Trabalho_lp5_23/Sistema_Bruna_Carvalho/src/query/JDlgConsultaUsuario.java</file>
            <file>file:/C:/Users/repli/OneDrive/Documentos/Prova/Trabalho_lp5_23/Sistema_Bruna_Carvalho/src/dao/Produto_DAO.java</file>
            <file>file:/C:/Users/repli/OneDrive/Documentos/Prova/Trabalho_lp5_23/Sistema_Bruna_Carvalho/src/view/ProdutoControle.java</file>
            <file>file:/C:/Users/repli/OneDrive/Documentos/Prova/Trabalho_lp5_23/Sistema_Bruna_Carvalho/src/query/JDlgConsultaProduto.java</file>
            <file>file:/C:/Users/repli/OneDrive/Documentos/Prova/Trabalho_lp5_23/Sistema_Bruna_Carvalho/src/view/UsuarioControlle.java</file>
        </group>
    </open-files>
</project-private>
